atclNo,cortarNo,atclNm,atclStatCd,rletTpCd,uprRletTpCd,rletTpNm,tradTpCd,tradTpNm,vrfcTpCd,flrInfo,prc,rentPrc,hanPrc,spc1,spc2,direction,atclCfmYmd,lat,lng,atclFetrDesc,tagList,bildNm,minute,sameAddrCnt,sameAddrDirectCnt,cpid,cpNm,cpCnt,rltrNm,directTradYn,minMviFee,maxMviFee,etRoomCnt,tradePriceHan,tradeRentPrice,tradeCheckedByOwner,cpLinkVO,dtlAddrYn,dtlAddr,sameAddrHash,sameAddrMaxPrc,sameAddrMinPrc,sellrNm,repImgUrl,repImgTpCd,repImgThumb
2426690834,1135010500,미도,R0,A01,A01,아파트,A1,매매,MOBL,6/15,79000,0,"7억 9,000",115,87.57,남향,24.05.31.,37.645449,127.060804,"특올수리,전망좋은집,입주가능,교통편리해요","['25년이상', '올수리', '역세권', '방세개']",101동,0,1,0,bizmk,매경부동산,1,미도OK공인중개사사무소,N,0,0,0,,0,False,"{'cpId': 'bizmk', 'mobileArticleLinkTypeCode': 'NONE', 'mobileBmsInspectPassYn': 'Y', 'pcArticleLinkUseAtArticleTitle': False, 'pcArticleLinkUseAtCpName': False, 'mobileArticleLinkUseAtArticleTitle': False, 'mobileArticleLinkUseAtCpName': False}",N,,,,,,,,
2426609445,1135010500,상계주공16단지,R0,A01,A01,아파트,A1,매매,MOBL,13/15,55000,0,"5억 5,000",82,59.39,남향,24.05.31.,37.670505,127.052769,"직거래. 7호선마들역 강남접근성좋음,4호선노원역 시내접근성좋음","['25년이상', '대단지', '방두개', '화장실한개']",1617동,0,2,1,toad,피터팬의 좋은방구하기,2,-,Y,0,0,0,,0,False,"{'cpId': 'toad', 'mobileArticleUrl': 'https://www.peterpanz.com/rd/rd.php?UID=', 'mobileArticleLinkTypeCode': 'ALL', 'mobileBmsInspectPassYn': 'Y', 'pcArticleLinkUseAtArticleTitle': False, 'pcArticleLinkUseAtCpName': False, 'mobileArticleLinkUseAtArticleTitle': True, 'mobileArticleLinkUseAtCpName': True}",N,,26A01A1Nd263be9f744b66bacb13dbf3cd34d53dd52d8b3e6ff7965a4bfd68776e86e34b,"5억 5,000","5억 5,000",김미순,,,
2426816331,1135010500,두산,R0,A01,A01,아파트,A1,매매,OWNER,14/15,45000,0,"4억 5,000",71,51.66,동향,24.06.01.,37.677898,127.053253,T 02 951 7272 수락산 파노라마 뷰 속이 뻥 뚫립니다,"['25년이상', '역세권', '방두개']",101동,0,3,0,R114,부동산114,3,우성공인중개사사무소,N,0,0,0,,0,False,"{'cpId': 'R114', 'mobileArticleUrl': 'https://m.r114.com/?_c=redirect&_m=ArticleFromNbp&UID=', 'mobileArticleLinkTypeCode': 'ALL', 'mobileBmsInspectPassYn': 'Y', 'pcArticleLinkUseAtArticleTitle': False, 'pcArticleLinkUseAtCpName': False, 'mobileArticleLinkUseAtArticleTitle': True, 'mobileArticleLinkUseAtCpName': True}",N,,27A01A1N5841d929b69fd80f3ab2e1b40b3d01aea6867fe8d78308285660cfe5133a0244,"4억 5,000","4억 5,000",,/20240601_205/land_naver_1717191301585NARki_JPEG/cdc8ba13-b30f-4642-9c86-e7ab5c453964.jpg,10,f130_98
2426578971,1135010500,은빛2단지,R0,A01,A01,아파트,A1,매매,MOBL,1/15,47000,0,"4억 7,000",81,59.95,남향,24.05.31.,37.67966,127.053968,수리깨끗 초역세권 빠른입주,"['25년이상', '역세권', '대단지', '1층']",202동,0,3,0,asil,아실,3,학여울뉴스공인중개사사무소,N,0,0,0,,0,False,"{'cpId': 'asil', 'mobileArticleUrl': 'https://asil.kr/app/sale_info.jsp?UID=', 'mobileArticleLinkTypeCode': 'ALL', 'mobileBmsInspectPassYn': 'Y', 'pcArticleLinkUseAtArticleTitle': False, 'pcArticleLinkUseAtCpName': False, 'mobileArticleLinkUseAtArticleTitle': True, 'mobileArticleLinkUseAtCpName': True}",N,,27A01A1N5de2f93116218d4239d75e34221952799efea479a329d3c1b699995812ceb355,"4억 7,000","4억 7,000",,,,
2426540476,1135010500,미도,R0,A01,A01,아파트,A1,매매,MOBL,8/15,79000,0,"7억 9,000",115,87.57,남서향,24.05.30.,37.645449,127.060804,전체완벽올수리정상 하시급매가,"['25년이상', '올수리', '역세권', '급매']",101동,0,1,0,bizmk,매경부동산,1,미도공인중개사사무소,N,0,0,0,,0,False,"{'cpId': 'bizmk', 'mobileArticleLinkTypeCode': 'NONE', 'mobileBmsInspectPassYn': 'Y', 'pcArticleLinkUseAtArticleTitle': False, 'pcArticleLinkUseAtCpName': False, 'mobileArticleLinkUseAtArticleTitle': False, 'mobileArticleLinkUseAtCpName': False}",N,,,,,,,,
2426816396,1135010500,두산,R0,A01,A01,아파트,A1,매매,OWNER,15/15,36000,0,"3억 6,000",59,41.85,남서향,24.06.01.,37.677526,127.054052,T 02 951 7272 역세권 복덩이 구슬이 서말이어도 궤어야 보배,"['25년이상', '역세권', '소형평수']",111동,0,6,0,SERVE,부동산써브,3,우성공인중개사사무소,N,0,0,0,,0,False,"{'cpId': 'SERVE', 'mobileArticleUrl': 'https://www.serve.co.kr/redirect/nland?UID=', 'mobileArticleLinkTypeCode': 'CPNAMEONLY', 'mobileBmsInspectPassYn': 'Y', 'pcArticleLinkUseAtArticleTitle': False, 'pcArticleLinkUseAtCpName': False, 'mobileArticleLinkUseAtArticleTitle': False, 'mobileArticleLinkUseAtCpName': True}",N,,26A01A1N3404d3c76719fe2e897eec432f39f8bbf184e37e7b40e9a04c7b0c65e75ca443,"3억 6,000","3억 6,000",,/20240601_18/land_naver_1717191724624j30to_JPEG/Resized_20240519_195948_1716173447229.jpeg,10,f130_98
2426778971,1135010500,보람,R0,A01,A01,아파트,A1,매매,OWNER,15/15,50000,0,5억,77,54.59,남향,24.05.31.,37.66261,127.063773,보람23 수리깨끗 입주협의 로얄동 재건축추진중아파트,"['25년이상', '대단지', '탑층', '방두개']",107동,0,2,0,NEONET,부동산뱅크,2,서울 공인중개사사무소,N,0,0,0,,0,False,"{'cpId': 'NEONET', 'mobileArticleLinkTypeCode': 'NONE', 'mobileBmsInspectPassYn': 'Y', 'pcArticleLinkUseAtArticleTitle': False, 'pcArticleLinkUseAtCpName': False, 'mobileArticleLinkUseAtArticleTitle': False, 'mobileArticleLinkUseAtCpName': False}",N,,27A01A1N50829281519f2251c3d3439a90e726a7085e34d9058104d5f2223822b95a0e97,5억,5억,,,,
2426800038,1135010500,상계주공9단지,R0,A01,A01,아파트,A1,매매,OWNER,15/15,50000,0,5억,70,49.94,남향,24.05.31.,37.66395,127.058894,"올수리,정상입주,마들역세권,재건축투자추천","['25년이상', '올수리', '역세권', '대단지']",920동,0,2,0,asil,아실,2,경성공인중개사사무소,N,0,0,0,,0,False,"{'cpId': 'asil', 'mobileArticleUrl': 'https://asil.kr/app/sale_info.jsp?UID=', 'mobileArticleLinkTypeCode': 'ALL', 'mobileBmsInspectPassYn': 'Y', 'pcArticleLinkUseAtArticleTitle': False, 'pcArticleLinkUseAtCpName': False, 'mobileArticleLinkUseAtArticleTitle': True, 'mobileArticleLinkUseAtCpName': True}",N,,26A01A1N2b5f47fbc79c81b6448ef129322c07b68b0474ce19d6f8d568787c1509cac4c7,5억,5억,,,,
2426805375,1135010500,두산,R0,A01,A01,아파트,A1,매매,OWNER,10/15,50000,0,5억,82,59.97,동향,24.05.31.,37.676915,127.053152,수락산초역세권.전세안고 or 입주가능합니다.,"['25년이상', '역세권', '방세개', '화장실한개']",108동,0,3,0,bizmk,매경부동산,3,두산공인중개사사무소,N,0,0,0,,0,False,"{'cpId': 'bizmk', 'mobileArticleLinkTypeCode': 'NONE', 'mobileBmsInspectPassYn': 'Y', 'pcArticleLinkUseAtArticleTitle': False, 'pcArticleLinkUseAtCpName': False, 'mobileArticleLinkUseAtArticleTitle': False, 'mobileArticleLinkUseAtCpName': False}",N,,26A01A1N066e7964fa8f5f5f41158791cb7c8997f7e563433a29d6fba703285c1e1d4f2c,5억,5억,,,,
2426778618,1135010500,청암1단지,R0,A01,A01,아파트,A1,매매,OWNER,15/18,70000,0,7억,106,84.8,남동향,24.05.31.,37.665453,127.079277, 주인거주 관리 잘되고 깨끗한 불암산 전망 좋은 집 ,"['25년이내', '방세개', '화장실두개', '고층']",105동,0,2,0,SERVE,부동산써브,2,롯데캐슬공인중개사사무소,N,0,0,0,,0,False,"{'cpId': 'SERVE', 'mobileArticleUrl': 'https://www.serve.co.kr/redirect/nland?UID=', 'mobileArticleLinkTypeCode': 'CPNAMEONLY', 'mobileBmsInspectPassYn': 'Y', 'pcArticleLinkUseAtArticleTitle': False, 'pcArticleLinkUseAtCpName': False, 'mobileArticleLinkUseAtArticleTitle': False, 'mobileArticleLinkUseAtCpName': True}",N,,27A01A1Nbf9c9ec417baccfa088f253d7087bfc1157a2591810423ec3543a90c695a6aad,"7억 5,000",7억,,,,
2426805342,1135010500,두산,R0,A01,A01,아파트,A1,매매,OWNER,8/12,85000,0,"8억 5,000",106,84.09,남향,24.05.31.,37.676695,127.052736,"특올수리된 뷰좋은 남향이며,수락산초역세권입니다.","['25년이상', '올수리', '역세권']",109동,0,2,0,bizmk,매경부동산,1,두산공인중개사사무소,N,0,0,0,,0,False,"{'cpId': 'bizmk', 'mobileArticleLinkTypeCode': 'NONE', 'mobileBmsInspectPassYn': 'Y', 'pcArticleLinkUseAtArticleTitle': False, 'pcArticleLinkUseAtCpName': False, 'mobileArticleLinkUseAtArticleTitle': False, 'mobileArticleLinkUseAtCpName': False}",N,,26A01A1N76abe9947c4c1d350305eebbc5d3b10e69d93a982625534b37e13665cdbbbdcc,"8억 5,000","8억 5,000",,/20240531_15/land_naver_1717149255014OL2d7_JPEG/20230622_200219_258.jpg,10,f130_98
2426794000,1135010500,상계주공9단지,R0,A01,A01,아파트,A1,매매,OWNER,13/15,38000,0,"3억 8,000",60,45.9,남서향,24.05.31.,37.661689,127.060101,"급매,올수리,세안고,앞동,마들역세권","['25년이상', '올수리', '역세권', '대단지']",901동,0,6,0,toad,피터팬의 좋은방구하기,5,경성공인중개사사무소,N,0,0,0,,0,False,"{'cpId': 'toad', 'mobileArticleUrl': 'https://www.peterpanz.com/rd/rd.php?UID=', 'mobileArticleLinkTypeCode': 'ALL', 'mobileBmsInspectPassYn': 'Y', 'pcArticleLinkUseAtArticleTitle': False, 'pcArticleLinkUseAtCpName': False, 'mobileArticleLinkUseAtArticleTitle': True, 'mobileArticleLinkUseAtCpName': True}",N,,26A01A1N1f22840781640c338df7ef95e5a7fb69a52f8a55c64e9af3a437464a5d10babc,"3억 8,000","3억 7,500",,,,
2426799597,1135010500,상계현대2차,R0,A01,A01,아파트,A1,매매,OWNER,8/15,59000,0,"5억 9,000",99,82.68,동향,24.05.31.,37.67204,127.050936,"전체특올수리,아주예쁜집,정상입주또는입주일자협의가능","['25년이상', '올수리', '방세개', '화장실두개']",204동,0,2,0,bizmk,매경부동산,1,미래공인중개사사무소,N,0,0,0,,0,False,"{'cpId': 'bizmk', 'mobileArticleLinkTypeCode': 'NONE', 'mobileBmsInspectPassYn': 'Y', 'pcArticleLinkUseAtArticleTitle': False, 'pcArticleLinkUseAtCpName': False, 'mobileArticleLinkUseAtArticleTitle': False, 'mobileArticleLinkUseAtCpName': False}",N,,25A01A1N375ccf2cba1baf5b17af53511e07518f84496c9451cd5863a70cd330ddc50830,"5억 9,000","5억 9,000",,,,
2426804859,1135010500,두산,R0,A01,A01,아파트,A1,매매,OWNER,8/15,45000,0,"4억 5,000",59,41.85,남서향,24.05.31.,37.677526,127.054052,수락산역 도보2분.채광 좋은 집입니다.,"['25년이상', '역세권', '소형평수', '방두개']",111동,0,1,0,bizmk,매경부동산,1,두산공인중개사사무소,N,0,0,0,,0,False,"{'cpId': 'bizmk', 'mobileArticleLinkTypeCode': 'NONE', 'mobileBmsInspectPassYn': 'Y', 'pcArticleLinkUseAtArticleTitle': False, 'pcArticleLinkUseAtCpName': False, 'mobileArticleLinkUseAtArticleTitle': False, 'mobileArticleLinkUseAtCpName': False}",N,,,,,,,,
2426812872,1135010500,상계주공16단지,R0,A01,A01,아파트,A1,매매,OWNER,3/15,38000,0,"3억 8,000",63,45.77,남향,24.05.31.,37.668447,127.052319,"반듯한B형,부분수리,관리잘되어있으며,학군및주거환경굿,입주협의요","['25년이상', '대단지', '방두개', '화장실한개']",1607동,0,3,0,bizmk,매경부동산,3,을지공인중개사사무소,N,0,0,0,,0,False,"{'cpId': 'bizmk', 'mobileArticleLinkTypeCode': 'NONE', 'mobileBmsInspectPassYn': 'Y', 'pcArticleLinkUseAtArticleTitle': False, 'pcArticleLinkUseAtCpName': False, 'mobileArticleLinkUseAtArticleTitle': False, 'mobileArticleLinkUseAtCpName': False}",N,,26A01A1N4b6e8242b0b13431c58a7e0238a997a0f1c33fa2b115f18dc8cfe91a40786e21,"4억 2,000","3억 8,000",,,,
2426805206,1135010500,은빛2단지,R0,A01,A01,아파트,A1,매매,OWNER,15/15,55000,0,"5억 5,000",81,59.95,서향,24.05.31.,37.680533,127.052698,7호선수락산초역세권.사계절이 아름다운 뷰 입니다.,"['25년이상', '역세권', '대단지', '탑층']",208동,0,2,0,bizmk,매경부동산,2,두산공인중개사사무소,N,0,0,0,,0,False,"{'cpId': 'bizmk', 'mobileArticleLinkTypeCode': 'NONE', 'mobileBmsInspectPassYn': 'Y', 'pcArticleLinkUseAtArticleTitle': False, 'pcArticleLinkUseAtCpName': False, 'mobileArticleLinkUseAtArticleTitle': False, 'mobileArticleLinkUseAtCpName': False}",N,,27A01A1N6b2628c5ed68403c7340354da7625e31bd9ba96481ef519f7a6536f4d87f7bcd,"5억 5,000","5억 5,000",,,,
2426805497,1135010500,두산,R0,A01,A01,아파트,A1,매매,OWNER,13/15,55000,0,"5억 5,000",80,58.65,동향,24.05.31.,37.676915,127.053152,수락산역 도보2분.올수리되어 깔끔하고 입주가능합니다.,"['25년이상', '올수리', '역세권']",108동,0,2,0,bizmk,매경부동산,1,두산공인중개사사무소,N,0,0,0,,0,False,"{'cpId': 'bizmk', 'mobileArticleLinkTypeCode': 'NONE', 'mobileBmsInspectPassYn': 'Y', 'pcArticleLinkUseAtArticleTitle': False, 'pcArticleLinkUseAtCpName': False, 'mobileArticleLinkUseAtArticleTitle': False, 'mobileArticleLinkUseAtCpName': False}",N,,26A01A1N5cbc8dd3f7a1fde0f9bc57566b317857584dddc7d60e747a603efe992bf5c11f,"5억 5,000","5억 5,000",,/20240531_9/land_naver_1717149309480q6VNz_JPEG/20240502_150152_004.jpg,10,f130_98
2426781265,1135010500,보람,R0,A01,A01,아파트,A1,매매,OWNER,9/15,41000,0,"4억 1,000",62,44.33,남향,24.05.31.,37.66307,127.063869,올수리 로얄동 로얄층  빠른입주가능 키보,"['25년이상', '올수리', '대단지', '소형평수']",105동,0,6,0,SERVE,부동산써브,4,우성공인중개사사무소,N,0,0,0,,0,False,"{'cpId': 'SERVE', 'mobileArticleUrl': 'https://www.serve.co.kr/redirect/nland?UID=', 'mobileArticleLinkTypeCode': 'CPNAMEONLY', 'mobileBmsInspectPassYn': 'Y', 'pcArticleLinkUseAtArticleTitle': False, 'pcArticleLinkUseAtCpName': False, 'mobileArticleLinkUseAtArticleTitle': False, 'mobileArticleLinkUseAtCpName': True}",N,,26A01A1Ne6a7ac84ad6d9b97f5f4744af5bc88db4d5f943b50e3a8d86985477c75021c27,"4억 1,000","4억 1,000",,,,
2426780711,1135010500,보람,R0,A01,A01,아파트,A1,매매,OWNER,10/15,50000,0,5억,77,54.59,남향,24.05.31.,37.661771,127.063591,전망좋은 로얄층.라인으로 올수리 입주 가능 매물입니다.,"['25년이상', '올수리', '대단지', '방두개']",111동,0,3,0,SERVE,부동산써브,2,닥터(936-0033)공인중개사사무소,N,0,0,0,,0,False,"{'cpId': 'SERVE', 'mobileArticleUrl': 'https://www.serve.co.kr/redirect/nland?UID=', 'mobileArticleLinkTypeCode': 'CPNAMEONLY', 'mobileBmsInspectPassYn': 'Y', 'pcArticleLinkUseAtArticleTitle': False, 'pcArticleLinkUseAtCpName': False, 'mobileArticleLinkUseAtArticleTitle': False, 'mobileArticleLinkUseAtCpName': True}",N,,27A01A1Nfda69204871c56199678b95b419bd17f426e421378f052d6efea9af571b73428,5억,5억,,,,
2426792616,1135010500,상계주공7단지,R0,A01,A01,아파트,A1,매매,OWNER,9/15,52000,0,"5억 2,000",58,41.3,남서향,24.05.31.,37.659156,127.059974,특올수리    4호선 7호선역세권  투자나입주가능,"['25년이상', '올수리', '대단지', '소형평수']",711동,0,1,0,SERVE,부동산써브,1,행복공인중개사사무소,N,0,0,0,,0,False,"{'cpId': 'SERVE', 'mobileArticleUrl': 'https://www.serve.co.kr/redirect/nland?UID=', 'mobileArticleLinkTypeCode': 'CPNAMEONLY', 'mobileBmsInspectPassYn': 'Y', 'pcArticleLinkUseAtArticleTitle': False, 'pcArticleLinkUseAtCpName': False, 'mobileArticleLinkUseAtArticleTitle': False, 'mobileArticleLinkUseAtCpName': True}",N,,,,,,,,
2426772688,1135010500,은빛1단지,R0,A01,A01,아파트,A1,매매,OWNER,6/15,44000,0,"4억 4,000",68,49.77,서향,24.05.31.,37.681612,127.054635,"최근샷시까지 전체올수리깨끗 ,앞트임,입주협의가능","['25년이상', '올수리', '역세권', '대단지']",102동,0,6,0,sunbang,선방,3,은빛공인중개사사무소,N,0,0,0,,0,False,"{'cpId': 'sunbang', 'mobileArticleLinkTypeCode': 'NONE', 'mobileBmsInspectPassYn': 'Y', 'pcArticleLinkUseAtArticleTitle': False, 'pcArticleLinkUseAtCpName': False, 'mobileArticleLinkUseAtArticleTitle': False, 'mobileArticleLinkUseAtCpName': False}",N,,26A01A1Na05a5961b71f01e57fa2895118a99a8fa23853308fd98513b793ae1216f169c5,"4억 4,000","4억 4,000",,,,
2426778529,1135010500,보람,R0,A01,A01,아파트,A1,매매,OWNER,6/15,61500,0,"6억 1,500",94,68.99,남향,24.05.31.,37.666535,127.064415,전체올수리 즉시입주가능 재건축추진중 초중고우수,"['25년이상', '올수리', '대단지']",207동,0,7,0,NEONET,부동산뱅크,3,서울 공인중개사사무소,N,0,0,0,,0,False,"{'cpId': 'NEONET', 'mobileArticleLinkTypeCode': 'NONE', 'mobileBmsInspectPassYn': 'Y', 'pcArticleLinkUseAtArticleTitle': False, 'pcArticleLinkUseAtCpName': False, 'mobileArticleLinkUseAtArticleTitle': False, 'mobileArticleLinkUseAtCpName': False}",N,,26A01A1N5aa10576aac0f328cc45bd30bd1455e69b75aef38444da5f8b139853c4266b02,"6억 2,000","6억 1,500",,/20240531_292/land_naver_1717144421211OJk9t_JPEG/1711949103883874.jpg,10,f130_98
2426768037,1135010500,금호어울림,R0,A01,A01,아파트,A1,매매,OWNER,5/14,59000,0,"5억 9,000",102,84.66,남향,24.05.31.,37.66719,127.068691,정남향.해잘들고 하시입주가능한 수리된집입니다.,"['25년이상', '방세개', '화장실두개', '중층']",102동,0,4,0,SERVE,부동산써브,3,하나공인중개사사무소,N,0,0,0,,0,False,"{'cpId': 'SERVE', 'mobileArticleUrl': 'https://www.serve.co.kr/redirect/nland?UID=', 'mobileArticleLinkTypeCode': 'CPNAMEONLY', 'mobileBmsInspectPassYn': 'Y', 'pcArticleLinkUseAtArticleTitle': False, 'pcArticleLinkUseAtCpName': False, 'mobileArticleLinkUseAtArticleTitle': False, 'mobileArticleLinkUseAtCpName': True}",N,,25A01A1N0e3538907fab11b849cf4372e98318d72bed2bd76340b7a4e87cc4c651c99353,"5억 9,000","5억 9,000",,,,
2426777488,1135010500,수락파크빌,R0,A01,A01,아파트,A1,매매,OWNER,5/15,90000,0,9억,142,114.82,남향,24.05.31.,37.678638,127.056815,특올수리.탁트인남향.주차편리한단지.초역세권.,"['25년이내', '올수리', '역세권', '대형평수']",504동,0,3,0,ten,텐컴즈,3,금빛부동산공인중개사사무소,N,0,0,0,,0,False,"{'cpId': 'ten', 'mobileArticleLinkTypeCode': 'NONE', 'mobileBmsInspectPassYn': 'Y', 'pcArticleLinkUseAtArticleTitle': False, 'pcArticleLinkUseAtCpName': False, 'mobileArticleLinkUseAtArticleTitle': False, 'mobileArticleLinkUseAtCpName': False}",N,,27A01A1Nc3c5b952c7a77487aada07f493dd689d3cb68f587f44b448517f5fc099dfb5cf,13억,9억,,,,
2426772361,1135010500,상계신동아,R0,A01,A01,아파트,A1,매매,OWNER,8/14,61000,0,"6억 1,000",102,84.99,남향,24.05.31.,37.667215,127.067286,인기동.수리된집.정상입주가능한 집입니다.,"['25년이상', '방세개', '화장실두개', '중층']",102동,0,2,0,SERVE,부동산써브,2,하나공인중개사사무소,N,0,0,0,,0,False,"{'cpId': 'SERVE', 'mobileArticleUrl': 'https://www.serve.co.kr/redirect/nland?UID=', 'mobileArticleLinkTypeCode': 'CPNAMEONLY', 'mobileBmsInspectPassYn': 'Y', 'pcArticleLinkUseAtArticleTitle': False, 'pcArticleLinkUseAtCpName': False, 'mobileArticleLinkUseAtArticleTitle': False, 'mobileArticleLinkUseAtCpName': True}",N,,26A01A1N0407ef2d3a633d5eba884f89cca7b64b1cf2d8caedffff35aa90fc7444f17d34,"6억 1,000","6억 1,000",,,,
2426767486,1135010500,보람,R0,A01,A01,아파트,A1,매매,OWNER,1/15,58000,0,"5억 8,000",94,68.99,남향,24.05.31.,37.663088,127.06498,올수리 하시집구경할수 있습니다,"['25년이상', '올수리', '대단지', '1층']",104동,0,6,0,SERVE,부동산써브,3,부동산가이드공인중개사사무소,N,0,0,0,,0,False,"{'cpId': 'SERVE', 'mobileArticleUrl': 'https://www.serve.co.kr/redirect/nland?UID=', 'mobileArticleLinkTypeCode': 'CPNAMEONLY', 'mobileBmsInspectPassYn': 'Y', 'pcArticleLinkUseAtArticleTitle': False, 'pcArticleLinkUseAtCpName': False, 'mobileArticleLinkUseAtArticleTitle': False, 'mobileArticleLinkUseAtCpName': True}",N,,26A01A1Nb14d984896f652e506e142b3ab06bd21b7bc3b2e4669ca2cf2713a8a601339bc,"5억 8,000","5억 8,000",,,,
2426775876,1135010500,은빛1단지,R0,A01,A01,아파트,A1,매매,NDOC1,15/15,48000,0,"4억 8,000",82,59.95,남향,24.05.31.,37.680971,127.054473,내부 전체올수리한 남향 .입주가능.전세안고가능,"['25년이상', '올수리', '역세권', '대단지']",101동,0,8,0,sunbang,선방,6,은빛공인중개사사무소,N,0,0,0,,0,False,"{'cpId': 'sunbang', 'mobileArticleLinkTypeCode': 'NONE', 'mobileBmsInspectPassYn': 'Y', 'pcArticleLinkUseAtArticleTitle': False, 'pcArticleLinkUseAtCpName': False, 'mobileArticleLinkUseAtArticleTitle': False, 'mobileArticleLinkUseAtCpName': False}",N,,27A01A1N929ee3207677272b3730e5e74a63d5dc18dcee7e1d1c675c9234ab67b40d2303,"4억 8,000","4억 8,000",,,,
2426769087,1135010500,금호어울림,R0,A01,A01,아파트,A1,매매,OWNER,3/14,55000,0,"5억 5,000",102,84.54,남향,24.05.31.,37.66766,127.06889,남향.부분올수리.정상입주가능한 집입니다.,"['25년이상', '올수리', '방세개', '화장실두개']",101동,0,5,0,bizmk,매경부동산,3,하나공인중개사사무소,N,0,0,0,,0,False,"{'cpId': 'bizmk', 'mobileArticleLinkTypeCode': 'NONE', 'mobileBmsInspectPassYn': 'Y', 'pcArticleLinkUseAtArticleTitle': False, 'pcArticleLinkUseAtCpName': False, 'mobileArticleLinkUseAtArticleTitle': False, 'mobileArticleLinkUseAtCpName': False}",N,,24A01A1N4f87b169d2bbe4ca5fc8d7435e3c1da95e6e9ec52fd30d8b16365550dfad2928,"5억 5,000","5억 4,900",,,,
2426769442,1135010500,상계신동아,R0,A01,A01,아파트,A1,매매,OWNER,6/15,45000,0,"4억 5,000",84,59.4,남향,24.05.31.,37.66659,127.066829,올수리된집.라인굿.정상입주 가능한 집입니다.,"['25년이상', '올수리', '방두개', '화장실한개']",103동,0,3,0,SERVE,부동산써브,2,하나공인중개사사무소,N,0,0,0,,0,False,"{'cpId': 'SERVE', 'mobileArticleUrl': 'https://www.serve.co.kr/redirect/nland?UID=', 'mobileArticleLinkTypeCode': 'CPNAMEONLY', 'mobileBmsInspectPassYn': 'Y', 'pcArticleLinkUseAtArticleTitle': False, 'pcArticleLinkUseAtCpName': False, 'mobileArticleLinkUseAtArticleTitle': False, 'mobileArticleLinkUseAtCpName': True}",N,,25A01A1Ncb563d358e42044a81918dd80ff1f64765bc748606a802eb55d38df802684abf,"4억 5,000","4억 5,000",,,,
2426768786,1135010500,금호어울림,R0,A01,A01,아파트,A1,매매,OWNER,7/14,61000,0,"6억 1,000",102,84.39,남향,24.05.31.,37.66719,127.068691,"전망굿.남향.특올수리된집.정상입주가능한 집입니다,","['25년이상', '올수리', '방세개', '화장실두개']",102동,0,3,0,SERVE,부동산써브,3,하나공인중개사사무소,N,0,0,0,,0,False,"{'cpId': 'SERVE', 'mobileArticleUrl': 'https://www.serve.co.kr/redirect/nland?UID=', 'mobileArticleLinkTypeCode': 'CPNAMEONLY', 'mobileBmsInspectPassYn': 'Y', 'pcArticleLinkUseAtArticleTitle': False, 'pcArticleLinkUseAtCpName': False, 'mobileArticleLinkUseAtArticleTitle': False, 'mobileArticleLinkUseAtCpName': True}",N,,25A01A1N5531be98b239bb63a226ec55e8b74ceca430cd79130a8f91cb6b701006c108b1,"6억 1,000","6억 1,000",,,,
2426766453,1135010500,한신1차,R0,A01,A01,아파트,A1,매매,OWNER,15/15,41000,0,"4억 1,000",75,53.96,남향,24.05.31.,37.666153,127.068568,올수리된집.남향.정상입주가능한집입니다.,"['25년이상', '올수리', '탑층', '방두개']",3동,0,2,0,SERVE,부동산써브,2,하나공인중개사사무소,N,0,0,0,,0,False,"{'cpId': 'SERVE', 'mobileArticleUrl': 'https://www.serve.co.kr/redirect/nland?UID=', 'mobileArticleLinkTypeCode': 'CPNAMEONLY', 'mobileBmsInspectPassYn': 'Y', 'pcArticleLinkUseAtArticleTitle': False, 'pcArticleLinkUseAtCpName': False, 'mobileArticleLinkUseAtArticleTitle': False, 'mobileArticleLinkUseAtCpName': True}",N,,26A01A1Naa7e689683243b6835f01453906f755dbd7317aa41e78061870937a906d9f552,"4억 1,000","4억 1,000",,,,
2426767206,1135010500,보람,R0,A01,A01,아파트,A1,매매,OWNER,15/15,59000,0,"5억 9,000",94,68.99,남향,24.05.31.,37.663585,127.065087,급매 전망좋은 올수리  정상입주,"['25년이상', '올수리', '대단지', '급매']",102동,0,2,0,SERVE,부동산써브,1,부동산가이드공인중개사사무소,N,0,0,0,,0,False,"{'cpId': 'SERVE', 'mobileArticleUrl': 'https://www.serve.co.kr/redirect/nland?UID=', 'mobileArticleLinkTypeCode': 'CPNAMEONLY', 'mobileBmsInspectPassYn': 'Y', 'pcArticleLinkUseAtArticleTitle': False, 'pcArticleLinkUseAtCpName': False, 'mobileArticleLinkUseAtArticleTitle': False, 'mobileArticleLinkUseAtCpName': True}",N,,27A01A1N8f66ba50ae3802435ce90fa184e10a3803f787c9a1532723b6daf56d55a0686c,6억,"5억 9,000",,,,
2426767916,1135010500,보람,R0,A01,A01,아파트,A1,매매,OWNER,7/15,59500,0,"5억 9,500",94,68.99,남향,24.05.31.,37.666823,127.065568,전망좋은 올수리   하시 집  볼수있습니다.,"['25년이상', '올수리', '대단지', '방세개']",208동,0,2,0,SERVE,부동산써브,2,부동산가이드공인중개사사무소,N,0,0,0,,0,False,"{'cpId': 'SERVE', 'mobileArticleUrl': 'https://www.serve.co.kr/redirect/nland?UID=', 'mobileArticleLinkTypeCode': 'CPNAMEONLY', 'mobileBmsInspectPassYn': 'Y', 'pcArticleLinkUseAtArticleTitle': False, 'pcArticleLinkUseAtCpName': False, 'mobileArticleLinkUseAtArticleTitle': False, 'mobileArticleLinkUseAtCpName': True}",N,,26A01A1N107db94855d59f6f1fa9eed80b171fbc5aa65b0314dd8cbe1998fcb0477db4de,"5억 9,500","5억 9,500",,,,
2426769161,1135010500,상계신동아,R0,A01,A01,아파트,A1,매매,OWNER,6/15,61000,0,"6억 1,000",102,84.99,남향,24.05.31.,37.667657,127.067303,지하주차장.특올수리된집.정상입주가능한 집입니다.,"['25년이상', '올수리', '방세개']",101동,0,6,0,SERVE,부동산써브,3,하나공인중개사사무소,N,0,0,0,,0,False,"{'cpId': 'SERVE', 'mobileArticleUrl': 'https://www.serve.co.kr/redirect/nland?UID=', 'mobileArticleLinkTypeCode': 'CPNAMEONLY', 'mobileBmsInspectPassYn': 'Y', 'pcArticleLinkUseAtArticleTitle': False, 'pcArticleLinkUseAtCpName': False, 'mobileArticleLinkUseAtArticleTitle': False, 'mobileArticleLinkUseAtCpName': True}",N,,25A01A1Nf7536686f02aa47e448e762de8a04881fdb16163fbe012983b6ae2e3816b4033,"6억 1,000","6억 1,000",,/20240531_196/land_naver_17171417215557SmIv_JPEG/1704094329477.jpg,10,f130_98
2426775682,1135010500,성원,R0,A01,A01,아파트,A1,매매,OWNER,13/20,51000,0,"5억 1,000",91,59.93,서향,24.05.31.,37.660418,127.065761,방3개 노원역세권 부분수리  초중고인접 지하주차장유,"['25년이내', '방세개', '화장실한개', '중층']",101동,0,2,0,bizmk,매경부동산,2,서울공인중개사사무소,N,0,0,0,,0,False,"{'cpId': 'bizmk', 'mobileArticleLinkTypeCode': 'NONE', 'mobileBmsInspectPassYn': 'Y', 'pcArticleLinkUseAtArticleTitle': False, 'pcArticleLinkUseAtCpName': False, 'mobileArticleLinkUseAtArticleTitle': False, 'mobileArticleLinkUseAtCpName': False}",N,,21A01A1Ne999e2d2fcec2c1f0d229f382c74afd4c611b6a2d5d6c13b08fa9209efb330b4,"5억 1,000","5억 1,000",,,,
2426764952,1135010500,한신1차,R0,A01,A01,아파트,A1,매매,OWNER,3/15,41000,0,"4억 1,000",75,53.96,동향,24.05.31.,37.666153,127.068568,기본수리된집.정상입주가능한 집입니다.,"['25년이상', '방두개', '화장실한개', '저층']",3동,0,2,0,bizmk,매경부동산,2,하나공인중개사사무소,N,0,0,0,,0,False,"{'cpId': 'bizmk', 'mobileArticleLinkTypeCode': 'NONE', 'mobileBmsInspectPassYn': 'Y', 'pcArticleLinkUseAtArticleTitle': False, 'pcArticleLinkUseAtCpName': False, 'mobileArticleLinkUseAtArticleTitle': False, 'mobileArticleLinkUseAtCpName': False}",N,,25A01A1N4dc279d4f71494d4797ebe7095b7978d8ff17b91df31132e0e3f627005c47239,"4억 1,000","4억 1,000",,,,
2426774284,1135010500,보람,R0,A01,A01,아파트,A1,매매,OWNER,3/15,46500,0,"4억 6,500",77,54.59,남향,24.05.31.,37.661644,127.06468,보람23  전체올수리 로얄동 재건축추진중아파트 입주가능,"['25년이상', '올수리', '대단지', '방두개']",110동,0,10,0,bizmk,매경부동산,4,서울공인중개사사무소,N,0,0,0,,0,False,"{'cpId': 'bizmk', 'mobileArticleLinkTypeCode': 'NONE', 'mobileBmsInspectPassYn': 'Y', 'pcArticleLinkUseAtArticleTitle': False, 'pcArticleLinkUseAtCpName': False, 'mobileArticleLinkUseAtArticleTitle': False, 'mobileArticleLinkUseAtCpName': False}",N,,26A01A1Ncd2abc80ac2670ba2bbbb5438f381babb1706252380d218fc1e4fc0149fdd938,"4억 6,500","4억 6,500",,,,
2426765429,1135010500,중계센트럴파크,R0,A01,A01,아파트,A1,매매,OWNER,2/15,78000,0,"7억 8,000",86,59.75,남향,24.05.31.,37.643126,127.058748,확장형. 단독세대. 관리비 지원단지.채광좋아요,"['10년이내', '방세개', '화장실두개']",101동,0,8,0,bizmk,매경부동산,2,건영(979-3100)공인중개사사무소,N,0,0,0,,0,False,"{'cpId': 'bizmk', 'mobileArticleLinkTypeCode': 'NONE', 'mobileBmsInspectPassYn': 'Y', 'pcArticleLinkUseAtArticleTitle': False, 'pcArticleLinkUseAtCpName': False, 'mobileArticleLinkUseAtArticleTitle': False, 'mobileArticleLinkUseAtCpName': False}",N,,23A01A1N0e8b1ba590b9e22151046385191218406c3d9847ff8fba6598aa6bb162e5a1de,"7억 8,000","7억 8,000",,/20240531_7/land_naver_171714102526818d8V_JPEG/KakaoTalk_20240518_143758622.jpg,10,f130_98
2426767554,1135010500,한신3차,R0,A01,A01,아파트,A1,매매,OWNER,1/15,54500,0,"5억 4,500",102,84.59,남향,24.05.31.,37.666289,127.067467,조용한동.층간소음걱정없이 아이키우기 좋은 정상입주가능한 집입니다.,"['25년이상', '1층', '방세개', '화장실두개']",10동,0,2,0,bizmk,매경부동산,2,하나공인중개사사무소,N,0,0,0,,0,False,"{'cpId': 'bizmk', 'mobileArticleLinkTypeCode': 'NONE', 'mobileBmsInspectPassYn': 'Y', 'pcArticleLinkUseAtArticleTitle': False, 'pcArticleLinkUseAtCpName': False, 'mobileArticleLinkUseAtArticleTitle': False, 'mobileArticleLinkUseAtCpName': False}",N,,27A01A1N04510d1c3e055fb91732a0133317a465e2adf273cbc801bd8255f040066dead3,"5억 4,500","5억 4,500",,,,
2426772955,1135010500,은빛2단지,R0,A01,A01,아파트,A1,매매,OWNER,13/15,35000,0,"3억 5,000",53,39.7,북향,24.05.31.,37.679827,127.053342,"샷시부터 내부 특 올수리 ,중문설치 살기좋은 아파트 빠른입주가능","['25년이상', '올수리', '역세권', '대단지']",206동,0,5,0,sunbang,선방,3,은빛공인중개사사무소,N,0,0,0,,0,False,"{'cpId': 'sunbang', 'mobileArticleLinkTypeCode': 'NONE', 'mobileBmsInspectPassYn': 'Y', 'pcArticleLinkUseAtArticleTitle': False, 'pcArticleLinkUseAtCpName': False, 'mobileArticleLinkUseAtArticleTitle': False, 'mobileArticleLinkUseAtCpName': False}",N,,27A01A1Nc332000d0ecc1e2f671913eb1e89c167438dc9019c94733aed51557e7e91bf6c,"3억 5,000","3억 5,000",,,,
2426763730,1135010500,한신1차,R0,A01,A01,아파트,A1,매매,OWNER,5/15,40000,0,4억,75,53.96,남향,24.05.31.,37.665876,127.068832,전체올수리.전세안고.투자하기 좋은집입니다.,"['25년이상', '올수리', '방두개', '화장실한개']",2동,0,3,0,bizmk,매경부동산,2,하나공인중개사사무소,N,0,0,0,,0,False,"{'cpId': 'bizmk', 'mobileArticleLinkTypeCode': 'NONE', 'mobileBmsInspectPassYn': 'Y', 'pcArticleLinkUseAtArticleTitle': False, 'pcArticleLinkUseAtCpName': False, 'mobileArticleLinkUseAtArticleTitle': False, 'mobileArticleLinkUseAtCpName': False}",N,,25A01A1Nf1e055e194377f90f678d67b819ff8559f1276cc7460e9f57a256448444e7d05,4억,4억,,,,
2426762196,1135010500,한신2차,R0,A01,A01,아파트,A1,매매,OWNER,10/15,33000,0,"3억 3,000",64,45.92,동향,24.05.31.,37.6651,127.06823,올수리된집.로얄층.정상입주가능한 집입니다.,"['25년이상', '올수리', '방두개', '화장실한개']",6동,0,8,0,SERVE,부동산써브,4,하나공인중개사사무소,N,0,0,0,,0,False,"{'cpId': 'SERVE', 'mobileArticleUrl': 'https://www.serve.co.kr/redirect/nland?UID=', 'mobileArticleLinkTypeCode': 'CPNAMEONLY', 'mobileBmsInspectPassYn': 'Y', 'pcArticleLinkUseAtArticleTitle': False, 'pcArticleLinkUseAtCpName': False, 'mobileArticleLinkUseAtArticleTitle': False, 'mobileArticleLinkUseAtCpName': True}",N,,27A01A1Nfdd16d9c4b8a26568bf09cbcb3046dd3f4b2e66564d9a9e66b07b627955f431f,"3억 5,000","3억 3,000",,,,
2426760175,1135010500,한신2차,R0,A01,A01,아파트,A1,매매,OWNER,1/15,31000,0,"3억 1,000",64,45.92,남향,24.05.31.,37.6651,127.06823,올수리된집.세안고 .투자하기 좋은집입니다.,"['25년이상', '올수리', '1층', '방두개']",6동,0,2,0,SERVE,부동산써브,2,하나공인중개사사무소,N,0,0,0,,0,False,"{'cpId': 'SERVE', 'mobileArticleUrl': 'https://www.serve.co.kr/redirect/nland?UID=', 'mobileArticleLinkTypeCode': 'CPNAMEONLY', 'mobileBmsInspectPassYn': 'Y', 'pcArticleLinkUseAtArticleTitle': False, 'pcArticleLinkUseAtCpName': False, 'mobileArticleLinkUseAtArticleTitle': False, 'mobileArticleLinkUseAtCpName': True}",N,,26A01A1Nd39c2cf1b45184fbcaece6c9045ffd88279070f2ba45082405c40e87504163d7,"3억 1,000","3억 1,000",,,,
2426729789,1135010500,은빛1단지,R0,A01,A01,아파트,A1,매매,OWNER,9/15,43000,0,"4억 3,000",68,49.77,남향,24.05.31.,37.680971,127.054473,"생활권좋은대단지이며 로얄동 로얄층, 전세안고매매입니다.","['25년이상', '역세권', '대단지', '방두개']",101동,0,3,0,sunbang,선방,2,도깨비공인중개사,N,0,0,0,,0,False,"{'cpId': 'sunbang', 'mobileArticleLinkTypeCode': 'NONE', 'mobileBmsInspectPassYn': 'Y', 'pcArticleLinkUseAtArticleTitle': False, 'pcArticleLinkUseAtCpName': False, 'mobileArticleLinkUseAtArticleTitle': False, 'mobileArticleLinkUseAtCpName': False}",N,,26A01A1Nc680e392e477273a5b620f86c71be564dfab60bf713622bff0c1ab0c07ac9983,"4억 3,000","4억 3,000",,,,
2426731543,1135010500,포레나노원,R0,A01,A01,아파트,A1,매매,OWNER,15/16,89000,0,"8억 9,000",81,59.94,남동향,24.05.31.,37.664949,127.061649,7호선마들역세권신축 정상입주 집주인거주 AC4 환상뷰 펜트리 발코니수납장,"['4년이내', '역세권', '대단지', '방세개']",101동,0,7,0,bizmk,매경부동산,3,포레나에이스(937-0077)공인중개사사무소,N,0,0,0,,0,False,"{'cpId': 'bizmk', 'mobileArticleLinkTypeCode': 'NONE', 'mobileBmsInspectPassYn': 'Y', 'pcArticleLinkUseAtArticleTitle': False, 'pcArticleLinkUseAtCpName': False, 'mobileArticleLinkUseAtArticleTitle': False, 'mobileArticleLinkUseAtCpName': False}",N,,24A01A1N1c0e7c3b8beff49b25ddcbb83e3bd3ec60fcb9f04ba892cda4ddac5a11e1c7ca,"8억 9,000","8억 9,000",,,,
2426749664,1135010500,보람,R0,A01,A01,아파트,A1,매매,OWNER,10/15,48000,0,"4억 8,000",77,54.59,남향,24.05.31.,37.662177,127.063665,노원역가까운동.남향.수리된집.정상입주가능한 집입니다.,"['25년이상', '대단지', '방두개', '화장실한개']",109동,0,2,0,bizmk,매경부동산,2,하나공인중개사사무소,N,0,0,0,,0,False,"{'cpId': 'bizmk', 'mobileArticleLinkTypeCode': 'NONE', 'mobileBmsInspectPassYn': 'Y', 'pcArticleLinkUseAtArticleTitle': False, 'pcArticleLinkUseAtCpName': False, 'mobileArticleLinkUseAtArticleTitle': False, 'mobileArticleLinkUseAtCpName': False}",N,,27A01A1Ncf1bd6ca33feeb2aabf6165ac4ae1ccde0e5b416009849e0b8616adb6d568f0c,"4억 8,000","4억 8,000",,,,
2426764364,1135010500,한신1차,R0,A01,A01,아파트,A1,매매,OWNER,14/15,44000,0,"4억 4,000",75,53.96,남향,24.05.31.,37.666153,127.068568,올수리된집.세안고.투자가능한 집입니다.,"['25년이상', '올수리', '방두개', '화장실한개']",3동,0,6,0,bizmk,매경부동산,4,하나공인중개사사무소,N,0,0,0,,0,False,"{'cpId': 'bizmk', 'mobileArticleLinkTypeCode': 'NONE', 'mobileBmsInspectPassYn': 'Y', 'pcArticleLinkUseAtArticleTitle': False, 'pcArticleLinkUseAtCpName': False, 'mobileArticleLinkUseAtArticleTitle': False, 'mobileArticleLinkUseAtCpName': False}",N,,26A01A1N4164f51a160e2f944be2127400fead5fff7b5a225c2f5dd963105401ba3a31a7,"4억 4,500","4억 4,000",,,,
2426729114,1135010500,은빛2단지,R0,A01,A01,아파트,A1,매매,OWNER,3/15,33000,0,"3억 3,000",53,39.7,북향,24.05.31.,37.68044,127.053402,전세안고매매로 추천합니다.,"['25년이상', '역세권', '대단지', '소형평수']",207동,0,1,0,sunbang,선방,1,도깨비공인중개사,N,0,0,0,,0,False,"{'cpId': 'sunbang', 'mobileArticleLinkTypeCode': 'NONE', 'mobileBmsInspectPassYn': 'Y', 'pcArticleLinkUseAtArticleTitle': False, 'pcArticleLinkUseAtCpName': False, 'mobileArticleLinkUseAtArticleTitle': False, 'mobileArticleLinkUseAtCpName': False}",N,,,,,,,,
2426744140,1135010500,두산,R0,A01,A01,아파트,A1,매매,OWNER,3/15,50000,0,5억,80,58.65,남향,24.05.31.,37.677809,127.052268,T 02 951 7272 역세권의 복덩이 효자 급매물 입니다,"['25년이상', '역세권', '급매']",103동,0,2,0,SERVE,부동산써브,2,우성공인중개사사무소,N,0,0,0,,0,False,"{'cpId': 'SERVE', 'mobileArticleUrl': 'https://www.serve.co.kr/redirect/nland?UID=', 'mobileArticleLinkTypeCode': 'CPNAMEONLY', 'mobileBmsInspectPassYn': 'Y', 'pcArticleLinkUseAtArticleTitle': False, 'pcArticleLinkUseAtCpName': False, 'mobileArticleLinkUseAtArticleTitle': False, 'mobileArticleLinkUseAtCpName': True}",N,,25A01A1N5101e7eb0b2c9bb37683bae2ddcbaa387eece8767762a93db68de3e57dfaebd0,5억,5억,,/20240531_222/land_naver_1717137350215lUfQL_JPEG/20240410_150632.jpg,10,f130_98
2426730457,1135010500,은빛1단지,R0,A01,A01,아파트,A1,매매,OWNER,11/15,53000,0,"5억 3,000",82,59.95,동향,24.05.31.,37.681138,127.053915,"초역세권,생활권좋은아파트, 샷시포함올수리집입니다.","['25년이상', '올수리', '역세권', '대단지']",105동,0,9,0,sunbang,선방,5,도깨비공인중개사,N,0,0,0,,0,False,"{'cpId': 'sunbang', 'mobileArticleLinkTypeCode': 'NONE', 'mobileBmsInspectPassYn': 'Y', 'pcArticleLinkUseAtArticleTitle': False, 'pcArticleLinkUseAtCpName': False, 'mobileArticleLinkUseAtArticleTitle': False, 'mobileArticleLinkUseAtCpName': False}",N,,27A01A1Nbb25cb0edc85b9476cb7d94ab4f3a90f16201a3c9af1cd8b1d568e4922c42a6d,"5억 3,000","5억 3,000",,,,
2426749700,1135010500,보람,R0,A01,A01,아파트,A1,매매,OWNER,4/15,60000,0,6억,94,68.99,남향,24.05.31.,37.665028,127.064117,인기초입동.기본수리된집.정상입주가능한 집입니다.,"['25년이상', '대단지', '방세개', '화장실한개']",201동,0,5,0,bizmk,매경부동산,3,하나공인중개사사무소,N,0,0,0,,0,False,"{'cpId': 'bizmk', 'mobileArticleLinkTypeCode': 'NONE', 'mobileBmsInspectPassYn': 'Y', 'pcArticleLinkUseAtArticleTitle': False, 'pcArticleLinkUseAtCpName': False, 'mobileArticleLinkUseAtArticleTitle': False, 'mobileArticleLinkUseAtCpName': False}",N,,25A01A1N6d31d8e5346c1a80e685eeeaf9d2aea96cfc11cdd9a8472e99778d865a047024,6억,6억,,,,
2426748206,1135010500,보람,R0,A01,A01,아파트,A1,매매,OWNER,4/15,61000,0,"6억 1,000",94,68.99,남향,24.05.31.,37.665353,127.065371,"인기동,라인굿.올수리.정상입주가능한 집입니다.","['25년이상', '올수리', '대단지', '방세개']",202동,0,2,0,bizmk,매경부동산,2,하나공인중개사사무소,N,0,0,0,,0,False,"{'cpId': 'bizmk', 'mobileArticleLinkTypeCode': 'NONE', 'mobileBmsInspectPassYn': 'Y', 'pcArticleLinkUseAtArticleTitle': False, 'pcArticleLinkUseAtCpName': False, 'mobileArticleLinkUseAtArticleTitle': False, 'mobileArticleLinkUseAtCpName': False}",N,,25A01A1N30655ee622fc3ec619ef38f13e85dbc49b8de909c371a61f0cbdb736e519ff59,"6억 1,000","6억 1,000",,,,
2426729388,1135010500,은빛2단지,R0,A01,A01,아파트,A1,매매,OWNER,8/15,50000,0,5억,67,49.77,남향,24.05.31.,37.680054,127.052546,로얄동층이며 앞트이고 샷시포함특올수리 남향집입니다.,"['25년이상', '올수리', '역세권', '대단지']",209동,0,3,0,sunbang,선방,3,도깨비공인중개사,N,0,0,0,,0,False,"{'cpId': 'sunbang', 'mobileArticleLinkTypeCode': 'NONE', 'mobileBmsInspectPassYn': 'Y', 'pcArticleLinkUseAtArticleTitle': False, 'pcArticleLinkUseAtCpName': False, 'mobileArticleLinkUseAtArticleTitle': False, 'mobileArticleLinkUseAtCpName': False}",N,,26A01A1N4d59d168100f0eea2a9ca896ea3a16cd50f572f6fad6986df6536329cca07c07,5억,5억,,,,
2426730094,1135010500,은빛1단지,R0,A01,A01,아파트,A1,매매,OWNER,11/15,45000,0,"4억 5,000",68,49.77,남향,24.05.31.,37.680971,127.054473,최근특올수리된집이며 앞트인 남향집입니다.,"['25년이상', '올수리', '역세권', '대단지']",101동,0,1,0,sunbang,선방,1,도깨비공인중개사,N,0,0,0,,0,False,"{'cpId': 'sunbang', 'mobileArticleLinkTypeCode': 'NONE', 'mobileBmsInspectPassYn': 'Y', 'pcArticleLinkUseAtArticleTitle': False, 'pcArticleLinkUseAtCpName': False, 'mobileArticleLinkUseAtArticleTitle': False, 'mobileArticleLinkUseAtCpName': False}",N,,,,,,,,
2426760371,1135010500,한신2차,R0,A01,A01,아파트,A1,매매,OWNER,15/15,56800,0,"5억 6,800",101,84.92,동향,24.05.31.,37.66438,127.06826,불암산 확트인 전망.정상입주.최저가 급매물입니다.,"['25년이상', '급매', '탑층', '방세개']",5동,0,4,0,bizmk,매경부동산,2,하나공인중개사사무소,N,0,0,0,,0,False,"{'cpId': 'bizmk', 'mobileArticleLinkTypeCode': 'NONE', 'mobileBmsInspectPassYn': 'Y', 'pcArticleLinkUseAtArticleTitle': False, 'pcArticleLinkUseAtCpName': False, 'mobileArticleLinkUseAtArticleTitle': False, 'mobileArticleLinkUseAtCpName': False}",N,,26A01A1N419968cc795be8c7b3a5b0ddcd438ec76a2f1937d7182456a687c7c1c67efa99,"5억 6,800","5억 6,800",,,,
2426762926,1135010500,한신1차,R0,A01,A01,아파트,A1,매매,OWNER,14/15,34000,0,"3억 4,000",63,45.44,남향,24.05.31.,37.666712,127.068573,올수리된집.남향.정상입주가능한 집입니다.,"['25년이상', '올수리', '방두개']",4동,0,3,0,SERVE,부동산써브,2,하나공인중개사사무소,N,0,0,0,,0,False,"{'cpId': 'SERVE', 'mobileArticleUrl': 'https://www.serve.co.kr/redirect/nland?UID=', 'mobileArticleLinkTypeCode': 'CPNAMEONLY', 'mobileBmsInspectPassYn': 'Y', 'pcArticleLinkUseAtArticleTitle': False, 'pcArticleLinkUseAtCpName': False, 'mobileArticleLinkUseAtArticleTitle': False, 'mobileArticleLinkUseAtCpName': True}",N,,26A01A1N6a424f0b6c3caa1130f64b2ff6e534a2f0260371827b95b3e5234f25c0590b64,"3억 5,000","3억 4,000",,/20240531_26/land_naver_1717140545624pdt0A_JPEG/1714373696501.jpg,10,f130_98
2426746341,1135010500,상계우방,R0,A01,A01,아파트,A1,매매,OWNER,2/19,60000,0,6억,76,59.93,동향,24.05.31.,37.672186,127.056738,BEST  올수리  입주날짜 협의 가능합니다,"['25년이내', '올수리', '방세개', '화장실한개']",102동,0,2,0,bizmk,매경부동산,1,우방한신공인중개사사무소,N,0,0,0,,0,False,"{'cpId': 'bizmk', 'mobileArticleLinkTypeCode': 'NONE', 'mobileBmsInspectPassYn': 'Y', 'pcArticleLinkUseAtArticleTitle': False, 'pcArticleLinkUseAtCpName': False, 'mobileArticleLinkUseAtArticleTitle': False, 'mobileArticleLinkUseAtCpName': False}",N,,21A01A1Nf2bace4ccc1424716c82b7f50e51d29de3de6ce6c83c4eab41a7a0dbf8443bc0,6억,6억,,,,
2426750349,1135010500,수락파크빌,R0,A01,A01,아파트,A1,매매,OWNER,3/15,105000,0,"10억 5,000",142,114.82,남향,24.05.31.,37.678638,127.056815,"샷시까지 특올수리.탁트인남향,햇살밝고예쁜집. 주차편리.","['25년이내', '올수리', '역세권', '필로티']",504동,0,3,0,ten,텐컴즈,3,금빛부동산공인중개사사무소,N,0,0,0,,0,False,"{'cpId': 'ten', 'mobileArticleLinkTypeCode': 'NONE', 'mobileBmsInspectPassYn': 'Y', 'pcArticleLinkUseAtArticleTitle': False, 'pcArticleLinkUseAtCpName': False, 'mobileArticleLinkUseAtArticleTitle': False, 'mobileArticleLinkUseAtCpName': False}",N,,27A01A1N11e3444e198683cb92a862268da9847fac54cb0504af6ca2f353ec8c1fe7ea56,"10억 5,000","10억 5,000",,,,
2426740945,1135010500,중계센트럴파크,R0,A01,A01,아파트,A1,매매,OWNER,14/15,82000,0,"8억 2,000",122,84.53,남향,24.05.31.,37.643291,127.05912,올확장 .관리비 지원단지. 당현천 산책로 인접. 지하주차장.,"['10년이내', '방세개', '화장실두개', '고층']",102동,0,12,0,bizmk,매경부동산,3,건영(979-3100)공인중개사사무소,N,0,0,0,,0,False,"{'cpId': 'bizmk', 'mobileArticleLinkTypeCode': 'NONE', 'mobileBmsInspectPassYn': 'Y', 'pcArticleLinkUseAtArticleTitle': False, 'pcArticleLinkUseAtCpName': False, 'mobileArticleLinkUseAtArticleTitle': False, 'mobileArticleLinkUseAtCpName': False}",N,,24A01A1N763077728c0523e7def50f769845c73528310d0540b845f28b26942f4bd2499d,"8억 9,000","8억 2,000",,,,
2426741387,1135010500,수락현대,R0,A01,A01,아파트,A1,매매,OWNER,8/12,75000,0,"7억 5,000",102,84.74,동향,24.05.31.,37.67499,127.06061,수락산숲세권.부분수리됨.초중교인접.수락산조망좋습니다.,"['25년이상', '방세개', '화장실두개', '중층']",101동,0,1,0,bizmk,매경부동산,1,휴플러스공인중개사사무소,N,0,0,0,,0,False,"{'cpId': 'bizmk', 'mobileArticleLinkTypeCode': 'NONE', 'mobileBmsInspectPassYn': 'Y', 'pcArticleLinkUseAtArticleTitle': False, 'pcArticleLinkUseAtCpName': False, 'mobileArticleLinkUseAtArticleTitle': False, 'mobileArticleLinkUseAtCpName': False}",N,,,,,,,,
2426726792,1135010500,은빛1단지,R0,A01,A01,아파트,A1,매매,OWNER,2/15,43000,0,"4억 3,000",68,49.77,서향,24.05.31.,37.681084,127.052805,역세권 로얄동 지하주차장 세안고 매매,"['25년이상', '역세권', '대단지']",110동,0,2,0,bizmk,매경부동산,2,상일공인중개사사무소,N,0,0,0,,0,False,"{'cpId': 'bizmk', 'mobileArticleLinkTypeCode': 'NONE', 'mobileBmsInspectPassYn': 'Y', 'pcArticleLinkUseAtArticleTitle': False, 'pcArticleLinkUseAtCpName': False, 'mobileArticleLinkUseAtArticleTitle': False, 'mobileArticleLinkUseAtCpName': False}",N,,26A01A1Nf91da263db2e8572013a86174491206e60182cb327474e9891e92f6be0d036ae,"4억 3,000","4억 3,000",,/20240531_209/land_naver_1717138715306RKVC8_JPEG/110%B5%BF_204%C8%A3_%281%29.jpg,10,f130_98
2426708500,1135010500,상계주공10단지,R0,A01,A01,아파트,A1,매매,OWNER,3/15,65000,0,"6억 5,000",85,60.5,동향,24.05.31.,37.66342,127.053426,"최근특올수리,재건축투자추천,개발호재다양,최다지분,정상입주","['25년이상', '올수리', '역세권', '대단지']",1027동,0,5,0,asil,아실,3,경성공인중개사사무소,N,0,0,0,,0,False,"{'cpId': 'asil', 'mobileArticleUrl': 'https://asil.kr/app/sale_info.jsp?UID=', 'mobileArticleLinkTypeCode': 'ALL', 'mobileBmsInspectPassYn': 'Y', 'pcArticleLinkUseAtArticleTitle': False, 'pcArticleLinkUseAtCpName': False, 'mobileArticleLinkUseAtArticleTitle': True, 'mobileArticleLinkUseAtCpName': True}",N,,20A01A1Ncab505e77f3f73c16680430ec9862662e50f716c7149d111ab7e553a179feea4,"6억 5,000","6억 5,000",,,,
2426712126,1135010500,상계주공9단지,R0,A01,A01,아파트,A1,매매,OWNER,5/15,48500,0,"4억 8,500",70,49.94,남향,24.05.31.,37.663401,127.059048,"전세안고,올수리 로얄동층,인기단지 저렴한 투자매물","['25년이상', '올수리', '역세권', '대단지']",915동,0,3,0,NEONET,부동산뱅크,2,푸른공인중개사사무소,N,0,0,0,,0,False,"{'cpId': 'NEONET', 'mobileArticleLinkTypeCode': 'NONE', 'mobileBmsInspectPassYn': 'Y', 'pcArticleLinkUseAtArticleTitle': False, 'pcArticleLinkUseAtCpName': False, 'mobileArticleLinkUseAtArticleTitle': False, 'mobileArticleLinkUseAtCpName': False}",N,,25A01A1N8081748a26f594529f1250042ac48caad66e937eb49ebadcf94ccc4236e6b8d6,"4억 8,500","4억 8,500",,,,
2426711211,1135010500,상계주공12단지,R0,A01,A01,아파트,A1,매매,OWNER,14/15,45000,0,"4억 5,000",61,41.3,남향,24.05.31.,37.666865,127.058415,"정상,2년전특올수리 로얄동층,초역세권 인기있는B형,수리잘된집","['25년이상', '올수리', '역세권']",1212동,0,1,0,NEONET,부동산뱅크,1,푸른공인중개사사무소,N,0,0,0,,0,False,"{'cpId': 'NEONET', 'mobileArticleLinkTypeCode': 'NONE', 'mobileBmsInspectPassYn': 'Y', 'pcArticleLinkUseAtArticleTitle': False, 'pcArticleLinkUseAtCpName': False, 'mobileArticleLinkUseAtArticleTitle': False, 'mobileArticleLinkUseAtCpName': False}",N,,,,,,/20240531_40/land_naver_1717129655501Md60r_JPEG/1699855128186277.jpg,10,f130_98
2426711550,1135010500,상계주공12단지,R0,A01,A01,아파트,A1,매매,OWNER,5/12,50000,0,5억,70,49.94,남향,24.05.31.,37.665588,127.059746,"정상,로얄동층 초역세권,주인거주 실입주매물","['25년이상', '역세권', '대단지', '방두개']",1205동,0,2,0,NEONET,부동산뱅크,2,푸른공인중개사사무소,N,0,0,0,,0,False,"{'cpId': 'NEONET', 'mobileArticleLinkTypeCode': 'NONE', 'mobileBmsInspectPassYn': 'Y', 'pcArticleLinkUseAtArticleTitle': False, 'pcArticleLinkUseAtCpName': False, 'mobileArticleLinkUseAtArticleTitle': False, 'mobileArticleLinkUseAtCpName': False}",N,,26A01A1Nf809f06a7ac4e94dff6b676edcd3441855ce3c8bd8c209bebb3dfb43c9f4763b,5억,"4억 9,000",,,,
2426707990,1135010500,상계주공9단지,R0,A01,A01,아파트,A1,매매,OWNER,14/15,51000,0,"5억 1,000",70,49.94,남향,24.05.31.,37.663401,127.059048,"정상입주,마들역세권,재건축투자,주변인프라우수","['25년이상', '역세권', '대단지', '방두개']",915동,0,2,0,toad,피터팬의 좋은방구하기,2,경성공인중개사사무소,N,0,0,0,,0,False,"{'cpId': 'toad', 'mobileArticleUrl': 'https://www.peterpanz.com/rd/rd.php?UID=', 'mobileArticleLinkTypeCode': 'ALL', 'mobileBmsInspectPassYn': 'Y', 'pcArticleLinkUseAtArticleTitle': False, 'pcArticleLinkUseAtCpName': False, 'mobileArticleLinkUseAtArticleTitle': True, 'mobileArticleLinkUseAtCpName': True}",N,,26A01A1N021fa41b3e7b3674204f9f07462b3ef70415627fe8f265112e09ffd889410a27,"5억 1,000","5억 1,000",,,,
2426713289,1135010500,상계주공12단지,R0,A01,A01,아파트,A1,매매,OWNER,4/15,43000,0,"4억 3,000",58,41.3,남향,24.05.31.,37.665755,127.060378,"전세안고,최근올수리 로얄동층,인기단지 투자매물","['25년이상', '올수리', '역세권', '대단지']",1204동,0,1,0,NEONET,부동산뱅크,1,푸른공인중개사사무소,N,0,0,0,,0,False,"{'cpId': 'NEONET', 'mobileArticleLinkTypeCode': 'NONE', 'mobileBmsInspectPassYn': 'Y', 'pcArticleLinkUseAtArticleTitle': False, 'pcArticleLinkUseAtCpName': False, 'mobileArticleLinkUseAtArticleTitle': False, 'mobileArticleLinkUseAtCpName': False}",N,,,,,,,,
2426705866,1135010500,노원센트럴푸르지오,R0,A01,A01,아파트,A1,매매,OWNER,22/28,102000,0,"10억 2,000",110,84.99,남서향,24.05.31.,37.665576,127.074971,절충가능 A타입 AC4대 인덕션 옵션좋음 정상입주 탁트인조망권,"['10년이내', '방세개', '화장실두개', '고층']",103동,0,3,0,ten,텐컴즈,2,대박(936-4556)공인중개사사무소,N,0,0,0,,0,False,"{'cpId': 'ten', 'mobileArticleLinkTypeCode': 'NONE', 'mobileBmsInspectPassYn': 'Y', 'pcArticleLinkUseAtArticleTitle': False, 'pcArticleLinkUseAtCpName': False, 'mobileArticleLinkUseAtArticleTitle': False, 'mobileArticleLinkUseAtCpName': False}",N,,24A01A1N45415c58cb9f0be106bf4d260acdaeded57a23b919a70c82d9755387dfa66bd5,"10억 2,000","10억 2,000",,,,
2426706934,1135010500,상계주공9단지,R0,A01,A01,아파트,A1,매매,OWNER,2/15,38500,0,"3억 8,500",60,45.9,남동향,24.05.31.,37.662705,127.059861,"급매,세안고,마들역세권,재건축투자추천","['25년이상', '역세권', '대단지', '급매']",913동,0,17,0,asil,아실,8,경성공인중개사사무소,N,0,0,0,,0,False,"{'cpId': 'asil', 'mobileArticleUrl': 'https://asil.kr/app/sale_info.jsp?UID=', 'mobileArticleLinkTypeCode': 'ALL', 'mobileBmsInspectPassYn': 'Y', 'pcArticleLinkUseAtArticleTitle': False, 'pcArticleLinkUseAtCpName': False, 'mobileArticleLinkUseAtArticleTitle': True, 'mobileArticleLinkUseAtCpName': True}",N,,25A01A1Nd859ac1fcd41a1bc3bdd2504ea29502bc100c1471c826a16bc82a2511c953b8a,"4억 2,000","3억 8,500",,,,
2426728928,1135010500,은빛2단지,R0,A01,A01,아파트,A1,매매,OWNER,7/15,50000,0,5억,67,49.77,남향,24.05.31.,37.680054,127.052546,로얄층 채광좋은 남향집 입주협의 가능해요.,"['25년이상', '역세권', '대단지', '방두개']",209동,0,2,0,sunbang,선방,1,도깨비공인중개사,N,0,0,0,,0,False,"{'cpId': 'sunbang', 'mobileArticleLinkTypeCode': 'NONE', 'mobileBmsInspectPassYn': 'Y', 'pcArticleLinkUseAtArticleTitle': False, 'pcArticleLinkUseAtCpName': False, 'mobileArticleLinkUseAtArticleTitle': False, 'mobileArticleLinkUseAtCpName': False}",N,,26A01A1Ndcbfb3357acf45a8643af6c6dec96a20a72d9bca80516d2164ed443ff49b62ef,5억,5억,,,,
2426728627,1135010500,은빛2단지,R0,A01,A01,아파트,A1,매매,OWNER,5/15,51000,0,"5억 1,000",81,59.95,동향,24.05.31.,37.67966,127.053968,"수락산역3분내, 생활권우수한아파트,입주협의입니다.","['25년이상', '역세권', '대단지', '방세개']",202동,0,9,0,sunbang,선방,6,도깨비공인중개사,N,0,0,0,,0,False,"{'cpId': 'sunbang', 'mobileArticleLinkTypeCode': 'NONE', 'mobileBmsInspectPassYn': 'Y', 'pcArticleLinkUseAtArticleTitle': False, 'pcArticleLinkUseAtCpName': False, 'mobileArticleLinkUseAtArticleTitle': False, 'mobileArticleLinkUseAtCpName': False}",N,,27A01A1N270a90a8915d90df599f306e0d909642060d72d943f12fa463fe1a5d69a001e6,"5억 1,000","5억 1,000",,,,
2426712791,1135010500,상계주공14단지,R0,A01,A01,아파트,A1,매매,OWNER,10/15,40500,0,4억 500,60,45.55,남향,24.05.31.,37.670679,127.059863,"하시,인기있는B형 로얄동층,지분최다 산조망최고,실입주매물","['25년이상', '대단지', '소형평수', '방두개']",1424동,0,2,0,NEONET,부동산뱅크,1,푸른공인중개사사무소,N,0,0,0,,0,False,"{'cpId': 'NEONET', 'mobileArticleLinkTypeCode': 'NONE', 'mobileBmsInspectPassYn': 'Y', 'pcArticleLinkUseAtArticleTitle': False, 'pcArticleLinkUseAtCpName': False, 'mobileArticleLinkUseAtArticleTitle': False, 'mobileArticleLinkUseAtCpName': False}",N,,22A01A1Ne40a4d1aa6caa303f2157933c9c6e39ce69c2f2fee8dc4dfa9270d109975e063,4억 500,4억 500,,,,
2426704560,1135010500,상계주공13단지,R0,A01,A01,아파트,A1,매매,OWNER,3/15,47000,0,"4억 7,000",71,49.94,남향,24.05.31.,37.667264,127.063272,올수리된 남향집 초중고 학군우수하고 공기좋고 주차공간 넉넉,"['25년이상', '올수리', '방두개']",1301동,0,5,0,SERVE,부동산써브,3,하나로공인중개사사무소,N,0,0,0,,0,False,"{'cpId': 'SERVE', 'mobileArticleUrl': 'https://www.serve.co.kr/redirect/nland?UID=', 'mobileArticleLinkTypeCode': 'CPNAMEONLY', 'mobileBmsInspectPassYn': 'Y', 'pcArticleLinkUseAtArticleTitle': False, 'pcArticleLinkUseAtCpName': False, 'mobileArticleLinkUseAtArticleTitle': False, 'mobileArticleLinkUseAtCpName': True}",N,,25A01A1Nf189c5edc1cfb5dd11d73110fb411353a5aec876aa40e08beac670f2eb94e041,"4억 7,000","4억 7,000",,/20240531_144/land_naver_1717128793327CT3Wm_JPEG/KakaoTalk_20240531_121505895_05.jpg,10,f130_98
2426712987,1135010500,노원센트럴푸르지오,R0,A01,A01,아파트,A1,매매,OWNER,16/23,80000,0,8억,79,59.99,남서향,24.05.31.,37.664984,127.074071,AC2대 붙박이장설치 줄눈 입주가능 내부완전깨끗 탁트인뷰,"['10년이내', '방세개', '화장실두개', '고층']",106동,0,6,0,ten,텐컴즈,5,대박(936-4556)공인중개사사무소,N,0,0,0,,0,False,"{'cpId': 'ten', 'mobileArticleLinkTypeCode': 'NONE', 'mobileBmsInspectPassYn': 'Y', 'pcArticleLinkUseAtArticleTitle': False, 'pcArticleLinkUseAtCpName': False, 'mobileArticleLinkUseAtArticleTitle': False, 'mobileArticleLinkUseAtCpName': False}",N,,24A01A1Na923c67f701bb7da606e891d3f6600c28a473e322a39f664d573ad78d282935e,8억,8억,,,,
2426726832,1135010500,은빛1단지,R0,A01,A01,아파트,A1,매매,OWNER,6/15,42000,0,"4억 2,000",68,49.77,서향,24.05.31.,37.682121,127.052973,급매 전망좋고 초중고 인접 세안고 매매 투자가치 좋은집 정상입주 가능,"['25년이상', '대단지', '급매', '방두개']",108동,0,7,0,bizmk,매경부동산,4,상일공인중개사사무소,N,0,0,0,,0,False,"{'cpId': 'bizmk', 'mobileArticleLinkTypeCode': 'NONE', 'mobileBmsInspectPassYn': 'Y', 'pcArticleLinkUseAtArticleTitle': False, 'pcArticleLinkUseAtCpName': False, 'mobileArticleLinkUseAtArticleTitle': False, 'mobileArticleLinkUseAtCpName': False}",N,,26A01A1N3169b00c1f8f34b21e0a5acfce7ac414139e22155c6b3be47687403e32e5c6cb,"4억 2,000","4억 2,000",,,,
2426706500,1135010500,상계주공9단지,R0,A01,A01,아파트,A1,매매,OWNER,15/15,49000,0,"4억 9,000",70,49.94,남향,24.05.31.,37.66395,127.058894,최근 특올수리 정상입주 초역세권으로 살기 편리하고 생활소음걱정 없음,"['25년이상', '올수리', '역세권', '대단지']",920동,0,3,0,SERVE,부동산써브,3,하나로공인중개사사무소,N,0,0,0,,0,False,"{'cpId': 'SERVE', 'mobileArticleUrl': 'https://www.serve.co.kr/redirect/nland?UID=', 'mobileArticleLinkTypeCode': 'CPNAMEONLY', 'mobileBmsInspectPassYn': 'Y', 'pcArticleLinkUseAtArticleTitle': False, 'pcArticleLinkUseAtCpName': False, 'mobileArticleLinkUseAtArticleTitle': False, 'mobileArticleLinkUseAtCpName': True}",N,,26A01A1Nc289cff679f47fcfc7906c79dff7655ef17a959a0da78b4d0cba373220d54ead,"4억 9,000","4억 9,000",,,,
2426713632,1135010500,노원센트럴푸르지오,R0,A01,A01,아파트,A1,매매,OWNER,15/21,101000,0,"10억 1,000",110,84.99,남서향,24.05.31.,37.665464,127.074282,AC4대 소음없는수락산동 정상입주 내부최상급 가격절충가능,"['10년이내', '방세개', '화장실두개', '고층']",105동,0,5,0,ten,텐컴즈,3,대박(936-4556)공인중개사사무소,N,0,0,0,,0,False,"{'cpId': 'ten', 'mobileArticleLinkTypeCode': 'NONE', 'mobileBmsInspectPassYn': 'Y', 'pcArticleLinkUseAtArticleTitle': False, 'pcArticleLinkUseAtCpName': False, 'mobileArticleLinkUseAtArticleTitle': False, 'mobileArticleLinkUseAtCpName': False}",N,,24A01A1Ncedf2663aa40c1dfbeb9ab0915b79fa92b9d7157cb823911e36eba89726b106f,"10억 1,000","10억 1,000",,,,
2426727121,1135010500,은빛2단지,R0,A01,A01,아파트,A1,매매,OWNER,13/15,51000,0,"5억 1,000",81,59.95,서향,24.05.31.,37.680533,127.052698,급매 역세권 초품아 로얄동 로얄층 지하주차장 도봉산뷰 생활인프라 좋은집,"['25년이상', '역세권', '대단지', '급매']",208동,0,4,0,bizmk,매경부동산,3,상일공인중개사사무소,N,0,0,0,,0,False,"{'cpId': 'bizmk', 'mobileArticleLinkTypeCode': 'NONE', 'mobileBmsInspectPassYn': 'Y', 'pcArticleLinkUseAtArticleTitle': False, 'pcArticleLinkUseAtCpName': False, 'mobileArticleLinkUseAtArticleTitle': False, 'mobileArticleLinkUseAtCpName': False}",N,,27A01A1Nc4a57752aae14149d9697d92fc8fcde257923961cf17c80e5e6db70b458b2f24,"5억 1,000","5억 1,000",,,,
2426709765,1135010500,상계주공12단지,R0,A01,A01,아파트,A1,매매,OWNER,13/15,51000,0,"5억 1,000",70,49.94,남향,24.05.31.,37.666223,127.060282,"정상,올수리 로얄동층,조망채광굿 주인거주,실입주매물","['25년이상', '올수리', '역세권', '대단지']",1209동,0,8,0,NEONET,부동산뱅크,3,푸른공인중개사사무소,N,0,0,0,,0,False,"{'cpId': 'NEONET', 'mobileArticleLinkTypeCode': 'NONE', 'mobileBmsInspectPassYn': 'Y', 'pcArticleLinkUseAtArticleTitle': False, 'pcArticleLinkUseAtCpName': False, 'mobileArticleLinkUseAtArticleTitle': False, 'mobileArticleLinkUseAtCpName': False}",N,,27A01A1N4fe816ec74c633ac45a3a9dc07dccccfcbc13a22447cc74052cf0c898269f230,"5억 1,000","5억 1,000",,,,
2426703771,1135010500,상계현대1차,R0,A01,A01,아파트,A1,매매,OWNER,14/15,67000,0,"6억 7,000",102,84.15,남동향,24.05.31.,37.672694,127.052707,전체 수리 잘되어 있어요 수락산 조망권도 좋아요,"['25년이상', '방세개', '화장실두개']",103동,0,2,0,bizmk,매경부동산,2,동화공인중개사사무소,N,0,0,0,,0,False,"{'cpId': 'bizmk', 'mobileArticleLinkTypeCode': 'NONE', 'mobileBmsInspectPassYn': 'Y', 'pcArticleLinkUseAtArticleTitle': False, 'pcArticleLinkUseAtCpName': False, 'mobileArticleLinkUseAtArticleTitle': False, 'mobileArticleLinkUseAtCpName': False}",N,,27A01A1Na90b21ffdd80e688dd3362c4ac60b1f9adfc90be9fdad478cc49c79d7ac88281,"6억 7,000","6억 7,000",,/20240531_126/land_naver_1717128655010hdDKK_JPEG/%C1%D6%B9%E6.jpg,10,f130_98
